City_ID,City,Lat,Lng,Max Temp,Humidity,Cloudiness,Wind Speed,Country,Date
0,waitangi,-43.9535,-176.5597,9.51,63,2,1.53,NZ,1726964863
1,stanley,54.868,-1.6985,11.82,93,75,2.06,GB,1726964864
2,udachny,66.4167,112.4,-1.93,79,53,0.58,RU,1726964865
3,alice springs,-23.7,133.8833,23.75,19,40,5.66,AU,1726964866
4,port-aux-francais,-49.35,70.2167,1.72,62,38,15.19,TF,1726964868
5,bredasdorp,-34.5322,20.0403,11.49,89,38,4.07,ZA,1726964869
6,portage la prairie,49.9728,-98.2926,14.38,56,65,4.75,CA,1726964871
7,big spring,32.2504,-101.4787,31.25,51,40,9.26,US,1726964671
8,port mathurin,-19.6833,63.4167,22.02,77,18,8.88,MU,1726964875
9,grytviken,-54.2811,-36.5092,-2.3,67,73,2.83,GS,1726964877
10,ilulissat,69.2167,-51.1,0.94,71,60,2.9,GL,1726964878
11,aasiaat,68.7098,-52.8699,-1.04,80,37,3.74,GL,1726964879
12,edinburgh of the seven seas,-37.0676,-12.3116,11.56,81,95,10.22,SH,1726964880
13,ibia,-19.4783,-46.5389,25.16,43,84,2.28,BR,1726964883
14,jasper,37.2001,-94.3502,33.03,47,20,3.6,US,1726964884
15,ribeira grande,38.5167,-28.7,21.54,90,100,1.79,PT,1726964885
16,celestun,20.8667,-90.4,28.89,69,13,5.93,MX,1726964887
17,tiksi,71.6872,128.8694,-0.57,95,100,1.89,RU,1726964888
18,port elizabeth,-33.918,25.5701,15.16,83,20,3.6,ZA,1726964889
19,georgetown,5.4112,100.3354,27.96,92,20,1.03,MY,1726964890
20,adamstown,-25.066,-130.1015,20.96,81,99,2.03,PN,1726964892
21,olhao,37.0286,-7.8411,19.94,88,20,2.06,PT,1726964893
22,santa rosalia,27.3167,-112.2833,26.11,44,0,2.47,MX,1726964894
23,fayroz koh,34.5195,65.2509,11.61,35,0,0.22,AF,1726964895
24,albany,42.6001,-73.9662,19.08,68,57,2.91,US,1726964623
25,iqaluit,63.7506,-68.5145,2.85,81,20,2.57,CA,1726964898
26,margaret river,-33.95,115.0667,12.96,76,63,0.93,AU,1726964899
27,yellowknife,62.456,-114.3525,10.79,74,40,6.17,CA,1726964901
28,tazovsky,67.4667,78.7,6.91,96,100,5.52,RU,1726964902
29,puerto natales,-51.7236,-72.4875,1.03,65,100,2.97,CL,1726964903
30,blackmans bay,-43.0167,147.3167,11.96,68,93,0.45,AU,1726964904
31,avarua,-21.2078,-159.775,22.03,83,75,5.66,CK,1726964905
32,st. john's,47.5649,-52.7093,10.44,92,100,7.6,CA,1726964907
33,camayenne,9.535,-13.6878,27.05,89,75,3.09,GN,1726964908
34,plettenberg bay,-34.0527,23.3716,12.56,78,37,3.36,ZA,1726964909
35,lizzano,40.391,17.4476,19.66,83,78,2.73,IT,1726964910
36,chonchi,-42.6128,-73.8092,6.73,93,28,1.86,CL,1726964911
37,praia da vitoria,38.7333,-27.0667,22.14,78,20,1.33,PT,1726964913
38,saint-pierre,-21.3393,55.4781,20.82,68,20,2.06,RE,1726964914
39,puerto ayora,-0.7393,-90.3518,19.75,97,88,1.34,EC,1726964915
40,raduzhny,62.0961,77.475,9.42,97,98,4.44,RU,1726964916
41,new norfolk,-42.7826,147.0587,12.62,68,85,4.8,AU,1726964918
42,pangody,65.85,74.4859,5.06,94,96,5.04,RU,1726964919
43,vorgashor,67.5833,63.95,3.46,94,100,4.15,RU,1726964920
44,lompoc,34.6391,-120.4579,19.23,78,100,6.69,US,1726964921
45,phrai bueng,14.7483,104.3626,24.08,94,100,3.15,TH,1726964923
46,port alfred,-33.5906,26.891,15.12,66,60,4.4,ZA,1726964924
47,mejit,10.2753,170.8646,28.38,69,100,2.18,MH,1726964925
48,lake havasu city,34.4839,-114.3224,33.46,23,0,1.34,US,1726964705
49,naha,26.2125,127.6811,31.15,75,40,9.26,JP,1726964931
50,utrik,11.2278,169.8474,28.18,70,99,1.05,MH,1726964932
51,puerto baquerizo moreno,-0.9,-89.6,20.04,85,73,4.79,EC,1726964933
52,mahibadhoo,3.7833,72.9667,27.85,77,80,7.37,MV,1726964934
53,francisco beltrao,-26.0811,-53.055,19.98,83,0,1.28,BR,1726964936
54,cabo san lucas,22.8909,-109.9124,29.17,65,20,3.6,MX,1726964937
55,pemangkat,1.1667,108.9667,27.2,80,100,2.08,ID,1726964939
56,gaiman,-43.2897,-65.4929,14.11,21,76,10.14,AR,1726964941
57,lebu,-37.6167,-73.65,9.54,90,100,4.71,CL,1726964942
58,invercargill,-46.4,168.35,12.23,77,99,3.58,NZ,1726964722
59,isafjordur,66.0755,-23.124,5.22,84,100,0.52,IS,1726964944
60,kununurra,-15.7667,128.7333,25.99,83,75,1.54,AU,1726964945
61,college,64.8569,-147.8028,6.99,72,100,3.09,US,1726964947
62,praia,14.9215,-23.5087,27.3,74,75,6.17,CV,1726964948
63,bilibino,68.0546,166.4372,5.6,78,99,1.04,RU,1726964949
64,kourou,5.1552,-52.6478,26.36,80,64,3.75,GF,1726964950
65,collie,-33.3667,116.15,10.97,72,2,1.68,AU,1726964952
66,karratha,-20.7377,116.8463,19.7,89,97,8.26,AU,1726964953
67,monaghan,54.25,-6.9667,10.59,98,36,4.08,IE,1726964954
68,shalqar,47.8333,59.6,13.51,51,0,2.94,KZ,1726964955
69,pizarro,4.9533,-77.366,25.02,89,100,2.94,CO,1726964957
70,longyearbyen,78.2186,15.6401,-1.09,74,40,6.17,SJ,1726964958
71,hammerfest,70.6634,23.6821,4.25,81,100,2.06,NO,1726964960
72,arraial do cabo,-22.9661,-42.0278,21.99,90,69,5.4,BR,1726964748
73,badger,64.8,-147.5333,6.95,77,100,3.09,US,1726964962
74,kailua-kona,19.6406,-155.9956,29.98,72,20,5.14,US,1726964963
75,carutapera,-1.195,-46.02,25.57,80,70,3.55,BR,1726964966
76,talnakh,69.4865,88.3972,1.03,74,100,3.38,RU,1726964967
77,thompson,55.7435,-97.8558,10.09,71,75,3.6,CA,1726964806
78,tura,25.5198,90.2201,25.1,83,100,1.48,IN,1726964970
79,socorro,31.6546,-106.3033,34.56,15,0,6.17,US,1726964971
80,shushtar,32.0455,48.8567,30.83,18,0,2.06,IR,1726964972
81,sattahip,12.6664,100.9007,28.05,89,75,3.6,TH,1726964974
82,jamestown,42.097,-79.2353,21.8,78,20,3.09,US,1726964742
83,dryden,49.7833,-92.7503,12.16,87,100,4.12,CA,1726964976
84,turkestan,43.3333,68.25,17.92,33,72,2.66,KZ,1726964977
85,lazaro cardenas,17.9583,-102.2,29.0,77,5,3.27,MX,1726964978
86,new kingman-butler,35.265,-114.0323,28.76,26,0,3.6,US,1726964980
87,bandar abbas,27.1865,56.2808,27.99,83,0,2.06,IR,1726964981
88,portland,45.5234,-122.6762,26.08,39,20,4.12,US,1726964939
89,port lincoln,-34.7333,135.8667,16.48,56,61,6.38,AU,1726964983
90,estevan,49.1334,-102.9842,15.11,51,0,5.28,CA,1726964985
91,bethel,41.3712,-73.414,17.86,80,97,0.45,US,1726964986
92,ust-nera,64.5667,143.2,1.54,64,100,0.74,RU,1726964987
93,anadyr,64.75,177.4833,8.28,70,40,2.0,RU,1726964989
94,hermanus,-34.4187,19.2345,14.33,82,55,7.18,ZA,1726964990
95,petropavlovsk-kamchatsky,53.0452,158.6483,12.33,58,20,2.0,RU,1726964991
96,malvan,16.0667,73.4667,25.46,89,57,1.83,IN,1726964992
97,haiku-pauwela,20.9219,-156.3051,28.47,66,75,13.41,US,1726964994
98,ushuaia,-54.8,-68.3,3.81,60,75,6.17,AR,1726964873
99,sinjai,-5.1241,120.253,28.12,70,47,1.36,ID,1726964997
100,san patricio,28.017,-97.5169,28.97,65,58,6.44,US,1726964998
101,papatowai,-46.5619,169.4708,13.74,58,82,2.54,NZ,1726964999
102,zabol,32.25,67.25,19.82,21,0,2.33,AF,1726965002
103,whitehorse,60.7161,-135.0538,7.43,86,75,2.06,CA,1726965003
104,hithadhoo,-0.6,73.0833,28.11,72,100,5.53,MV,1726965004
105,iskateley,67.6803,53.1512,6.24,94,100,2.34,RU,1726965006
106,zhanaozen,43.3,52.8,19.36,42,100,3.34,KZ,1726965007
107,vadso,70.0744,29.7487,3.09,81,100,7.2,NO,1726965008
108,west island,-12.1568,96.8225,25.99,89,75,3.6,CC,1726965009
109,hamilton,39.1834,-84.5333,28.24,50,0,0.89,US,1726964815
110,stung treng,13.5259,105.9683,24.13,99,100,2.07,KH,1726965012
111,horta,38.5333,-28.6333,21.12,90,100,1.79,PT,1726965013
112,siwa oasis,29.2041,25.5195,26.75,52,100,3.96,EG,1726965014
113,naifaru,5.4444,73.3657,27.34,79,100,6.49,MV,1726965016
114,palo alto,37.4419,-122.143,26.52,64,0,7.2,US,1726965017
115,nefta,33.8731,7.8777,26.14,56,100,2.11,TN,1726965018
116,geraldton,-28.7667,114.6,14.23,62,0,4.12,AU,1726965019
117,nouadhibou,20.931,-17.0347,21.99,78,12,4.63,MR,1726965021
118,hilo,19.7297,-155.09,28.86,74,75,3.6,US,1726965022
119,senador pompeu,-5.5881,-39.3717,26.43,47,93,3.41,BR,1726965023
120,mont-laurier,46.5501,-75.4993,13.63,92,99,1.23,CA,1726965025
121,la passe,45.5549,-0.8967,16.07,97,100,3.62,FR,1726965026
122,guarapari,-20.6667,-40.4975,22.2,85,17,4.94,BR,1726965027
123,usinsk,65.9939,57.5281,4.7,97,100,5.83,RU,1726965028
124,yuzhno-kurilsk,44.0306,145.8556,13.38,63,100,5.02,RU,1726965031
125,tshikapa,-6.4167,20.8,23.11,78,1,1.33,CD,1726965033
126,saquarema,-22.92,-42.5103,22.02,91,79,3.1,BR,1726964918
127,uzhur,55.3036,89.8339,9.92,89,51,3.81,RU,1726965035
128,alofi,-19.0595,-169.9187,26.94,65,75,7.2,NU,1726965036
129,lerwick,60.1545,-1.1494,11.06,78,100,3.76,GB,1726965039
130,greymouth,-42.4667,171.2,11.97,86,73,4.64,NZ,1726965040
131,hawaiian paradise park,19.5933,-154.9731,28.74,73,75,3.6,US,1726965041
132,road town,18.4167,-64.6167,30.02,66,20,0.0,VG,1726965043
133,coquimbo,-29.9533,-71.3436,11.85,74,100,2.06,CL,1726964596
134,nova vicosa,-17.8919,-39.3719,22.78,79,0,4.59,BR,1726965045
135,afaahiti,-17.75,-149.2833,24.0,82,98,2.8,PF,1726965046
136,mana,5.6592,-53.7767,26.79,81,13,5.01,GF,1726965048
137,boguchany,58.3814,97.4531,9.68,92,100,1.49,RU,1726965049
138,guerrero negro,27.9769,-114.0611,19.95,78,0,7.17,MX,1726965050
139,qaqortoq,60.7167,-46.0333,10.48,63,81,4.79,GL,1726964953
140,araure,9.5601,-69.2148,24.9,87,68,1.79,VE,1726965053
141,salekhard,66.53,66.6019,4.64,84,100,5.69,RU,1726965054
142,broken hill,-31.95,141.4333,17.3,43,0,1.65,AU,1726965055
143,taroa,8.7058,171.2275,28.25,66,13,1.52,MH,1726965057
144,shirvan,39.9509,48.8994,19.15,67,50,2.54,AZ,1726965058
145,amga,60.8953,131.9608,5.28,90,100,0.95,RU,1726965060
146,ta`u,-14.2336,-169.5144,26.84,82,31,7.58,AS,1726965062
147,el calafate,-50.3408,-72.2768,1.58,55,100,1.34,AR,1726964948
148,bardai,11.65,7.2333,21.88,79,62,2.31,NG,1726965064
149,labrador city,52.9463,-66.9114,7.95,73,20,4.92,CA,1726965065
150,morondava,-20.2833,44.2833,23.96,86,1,3.47,MG,1726965067
151,griffith,41.5284,-87.4237,25.53,52,0,2.57,US,1726965068
152,sandanski,41.5667,23.2833,14.23,45,0,1.78,BG,1726965069
153,turaif,31.6725,38.6637,20.14,56,0,3.09,SA,1726965071
154,shingu,33.7333,135.9833,26.24,93,100,6.52,JP,1726965072
155,buka,40.8108,69.1986,15.81,49,17,2.01,UZ,1726965073
156,banda aceh,5.5577,95.3222,28.03,71,84,6.28,ID,1726965074
157,basco,20.4487,121.9702,28.87,76,100,6.71,PH,1726965076
158,saldanha,-33.0117,17.9442,16.03,66,59,5.48,ZA,1726965077
159,hotan,37.0997,79.9269,21.46,24,0,0.45,CN,1726965078
160,newnham,-41.3833,147.1333,14.53,54,75,8.75,AU,1726965079
161,tsiombe,-25.3,45.4833,21.04,95,55,2.68,MG,1726965081
162,queenstown,-31.8976,26.8753,4.63,90,18,1.23,ZA,1726965019
163,northam,51.0333,-4.2167,15.9,95,100,1.84,GB,1726965083
164,klyuchi,52.2667,79.1667,12.07,53,100,3.4,RU,1726965084
165,lihue,21.9789,-159.3672,27.77,71,40,7.2,US,1726965086
166,brookings,44.3114,-96.7984,18.43,57,0,7.2,US,1726964960
167,kristiansund,63.1115,7.732,8.4,76,100,2.57,NO,1726965088
168,nuuk,64.1835,-51.7216,9.34,49,0,6.17,GL,1726965090
169,dazhou,31.2159,107.5009,24.52,62,83,2.89,CN,1726965091
170,gadzhiyevo,69.2551,33.3362,4.97,68,90,10.72,RU,1726965094
171,balsas,-7.5325,-46.0356,28.67,32,41,1.85,BR,1726965095
172,kota kinabalu,5.9749,116.0724,26.99,78,20,1.54,MY,1726965096
173,al jawf,29.5,38.75,22.66,50,94,5.29,SA,1726965098
174,conception bay south,47.4999,-52.9981,10.31,92,100,7.1,CA,1726965099
175,pekanbaru,0.5333,101.45,26.18,89,100,0.0,ID,1726965100
176,klaksvik,62.2266,-6.589,9.38,88,100,5.8,FO,1726965103
177,nemuro,43.3236,145.575,13.66,70,100,6.43,JP,1726965104
178,greenville,35.6127,-77.3663,22.85,90,0,0.0,US,1726964940
179,kindu,-2.95,25.95,21.92,96,100,1.28,CD,1726965106
180,trenggalek,-8.05,111.7167,29.49,59,92,1.27,ID,1726965108
181,cockburn town,21.4612,-71.1419,28.98,84,40,2.06,TC,1726965109
182,mokhotlong,-29.2894,29.0675,1.24,85,66,1.78,LS,1726965110
183,phan rang-thap cham,11.5667,108.9833,26.91,82,100,1.9,VN,1726965112
184,ancud,-41.8697,-73.8203,7.37,86,32,7.4,CL,1726964881
185,capitan bado,-23.2667,-55.5333,26.43,47,51,2.77,PY,1726965114
186,tatarsk,55.219,75.9828,10.12,69,90,4.36,RU,1726965075
187,nueva gerona,21.8833,-82.8,27.76,75,100,1.99,CU,1726965117
188,mihalgazi,40.0262,30.5771,16.78,97,95,2.04,TR,1726965118
189,kirakira,-10.4544,161.9205,30.13,62,16,5.01,SB,1726965119
190,danilovka,50.3557,44.1168,13.58,57,2,3.42,RU,1726965121
191,bubaque,11.2833,-15.8333,26.68,83,100,3.91,GW,1726965122
192,yeppoon,-23.1333,150.7333,24.06,28,0,2.78,AU,1726965123
193,rongelap,11.1635,166.8941,28.41,73,96,3.57,MH,1726965124
194,tieli,46.95,128.05,11.43,55,0,1.36,CN,1726965126
195,olonkinbyen,70.9221,-8.7187,-0.35,63,100,2.67,SJ,1726965127
196,wailua homesteads,22.0669,-159.378,27.44,74,40,7.2,US,1726965128
197,choibalsan,48.0667,114.5,12.78,32,77,4.02,MN,1726965129
198,kaedi,16.1465,-13.5047,30.12,65,100,2.05,MR,1726965131
199,san juan de uraba,8.7592,-76.5297,25.38,89,33,4.2,CO,1726965132
200,susuman,62.7833,148.1667,2.5,68,100,0.85,RU,1726965133
201,berdyansk,46.7503,36.7944,16.7,47,0,5.35,UA,1726965135
202,howrah,22.5892,88.3103,27.0,94,40,2.06,IN,1726965137
203,selfoss,63.9331,-20.9971,7.8,86,53,1.02,IS,1726965139
204,kingston,17.997,-76.7936,30.53,70,75,4.63,JM,1726964596
205,marsh harbour,26.5412,-77.0636,27.63,70,0,3.01,BS,1726965021
206,kayangel,8.0823,134.7173,29.19,75,45,3.94,PW,1726965142
207,uturoa,-16.7333,-151.4333,25.29,81,82,1.77,PF,1726965144
208,bandar lampung,-5.4254,105.258,27.45,67,43,2.15,ID,1726965145
209,weno,7.4515,151.8468,29.2,72,100,5.36,FM,1726965146
210,bikenibeu village,1.3673,173.1241,28.32,67,7,6.2,KI,1726965147
211,shenjiamen,29.9576,122.298,24.11,82,100,8.56,CN,1726965149
212,kilju,40.9642,129.3278,15.25,54,4,3.28,KP,1726965150
213,nsanje,-16.92,35.262,23.02,86,15,2.95,MW,1726965151
214,santo tome,-31.6627,-60.7653,26.08,57,100,4.02,AR,1726965048
215,smara,26.7384,-11.6719,24.76,59,100,4.06,EH,1726965154
216,porto novo,6.4965,2.6036,24.47,94,100,2.79,BJ,1726965155
217,kavaratti,10.5669,72.642,27.9,73,100,7.44,IN,1726965156
218,alotau,-10.3069,150.4462,30.53,58,89,2.54,PG,1726965157
219,revda,56.801,59.9303,9.44,88,100,4.32,RU,1726965160
220,rangapara,26.8167,92.65,28.21,76,15,1.7,IN,1726965161
221,la sarre,48.8002,-79.1996,16.54,92,61,2.51,CA,1726965163
222,vilyuchinsk,52.9306,158.4028,13.15,62,25,3.55,RU,1726965164
223,veraval,20.9,70.3667,26.19,83,76,3.77,IN,1726965165
224,keflavik,64.0049,-22.5624,8.24,93,75,3.6,IS,1726965166
225,puerto princesa,9.7392,118.7353,26.99,89,100,2.06,PH,1726965167
226,safi,32.1667,-8.8333,20.74,67,100,3.05,MA,1726965169
227,atafu village,-8.5421,-172.5159,28.25,77,100,5.48,TK,1726965170
228,luderitz,-26.6481,15.1594,14.36,63,0,6.39,NA,1726965172
229,tanah rata,4.475,101.3704,17.33,80,100,0.52,MY,1726965173
230,luau,-10.7073,22.2247,21.72,68,97,1.97,AO,1726965174
231,axim,4.8699,-2.2405,23.92,93,22,3.06,GH,1726965176
232,ataq,14.5377,46.8319,24.51,23,0,2.38,YE,1726965177
233,manokwari,-0.8667,134.0833,28.28,75,54,2.13,ID,1726965178
234,divrigi,39.371,38.1137,16.72,68,100,0.36,TR,1726965179
235,fuling,29.7022,107.3919,26.38,79,85,0.6,CN,1726965181
236,chuka,-0.3332,37.6459,16.67,88,66,1.47,KE,1726965182
237,port blair,11.6667,92.75,27.83,80,100,8.33,IN,1726965183
238,mitu,1.1983,-70.1733,22.81,98,97,1.34,CO,1726965039
239,korla,41.7597,86.1469,22.7,32,0,0.5,CN,1726965185
240,ostersund,63.1792,14.6357,4.25,84,98,0.0,SE,1726965187
241,catacocha,-4.0667,-79.6333,13.17,86,81,0.66,EC,1726965188
242,whakatane,-37.9585,176.9854,17.51,77,1,2.68,NZ,1726965189
243,lincoln,40.8,-96.667,25.95,42,75,8.23,US,1726964837
244,misratah,32.3754,15.0925,25.34,74,3,2.88,LY,1726965192
245,rockton,42.4525,-89.0723,21.48,89,100,2.57,US,1726965193
246,lodja,-3.4833,23.4333,20.71,99,56,0.66,CD,1726965194
247,vancleave,30.5405,-88.6875,29.0,77,0,1.54,US,1726964949
248,tolanaro,-25.0319,46.9987,22.04,88,0,8.23,MG,1726965197
249,nevada,39.2502,-116.7512,16.41,27,5,6.5,US,1726965198
250,ulladulla,-35.35,150.4667,20.45,37,100,4.82,AU,1726965199
251,ishigaki,24.3448,124.1572,31.07,79,75,6.69,JP,1726965201
252,camana,-16.6228,-72.7111,15.76,89,11,3.43,PE,1726965202
253,san martin,-33.081,-68.4681,25.16,7,2,8.11,AR,1726965203
254,sassandra,4.95,-6.0833,23.11,95,58,1.43,CI,1726965204
255,cova figueira,14.8905,-24.2934,20.78,82,32,5.01,CV,1726965206
256,villa emilio carranza,19.9667,-96.6,27.88,83,16,1.46,MX,1726965207
257,egilsstadir,65.2653,-14.3948,4.95,87,0,1.54,IS,1726965208
258,belyy yar,53.6039,91.3903,11.94,82,0,2.0,RU,1726965209
259,constantia,44.1833,28.65,16.5,62,92,3.28,RO,1726965210
260,nova sintra,14.8667,-24.7167,26.8,75,74,6.49,CV,1726965212
261,luz,-19.8014,-45.6856,25.25,48,100,1.88,BR,1726965213
262,barra dos coqueiros,-10.9089,-37.0386,26.01,73,40,3.09,BR,1726965214
263,palm springs north,25.9351,-80.3338,29.0,76,0,3.09,US,1726965216
264,san jose del guaviare,2.5729,-72.6459,21.81,97,100,1.0,CO,1726965217
265,mili,6.0815,171.735,28.74,74,53,5.81,MH,1726965218
266,khandud,36.9513,72.318,13.28,38,0,1.68,AF,1726965219
267,formosa do rio preto,-11.0483,-45.1931,25.48,29,0,1.72,BR,1726965221
268,laojunmiao,39.8333,97.7333,15.97,51,0,0.57,CN,1726965222
269,prince rupert,54.3161,-130.3201,13.05,99,100,9.26,CA,1726965223
270,thanh hoa,19.8,105.7667,24.81,98,100,3.93,VN,1726965224
271,wotje,9.4543,170.2367,28.45,66,55,1.39,MH,1726965226
272,las khorey,11.1595,48.1967,29.43,55,0,0.85,SO,1726965227
273,paita,-5.0892,-81.1144,17.35,90,89,4.62,PE,1726965228
274,punta arenas,-53.15,-70.9167,4.06,52,0,6.17,CL,1726965230
275,floro,61.5996,5.0328,9.98,93,40,1.03,NO,1726965232
276,burang,30.25,81.1667,8.03,82,54,0.85,CN,1726965233
277,villa dolores,-31.9459,-65.1896,26.41,51,93,4.28,AR,1726965235
278,remire-montjoly,4.9167,-52.2667,26.02,89,0,2.06,GF,1726965236
279,colonia menno,-22.3667,-59.8167,31.29,31,5,5.79,PY,1726965237
280,dudinka,69.4058,86.1778,2.33,77,100,5.19,RU,1726965239
281,chingirlau,51.095,54.0814,14.18,55,14,6.76,KZ,1726965240
282,carnarvon,-24.8667,113.6333,21.88,61,0,4.62,AU,1726965241
283,serdar,38.9764,56.2757,20.15,29,5,3.05,TM,1726965242
284,flying fish cove,-10.4217,105.6791,23.82,94,99,0.0,CX,1726965244
285,fale old settlement,-9.3852,-171.2468,27.77,80,100,4.57,TK,1726965245
286,the pas,53.8251,-101.2541,12.01,54,20,3.05,CA,1726965246
287,port-cartier,50.0334,-66.8654,11.37,87,100,4.99,CA,1726965247
288,cosolapa,18.5833,-96.65,24.27,96,0,0.78,MX,1726965248
289,kapuskasing,49.4169,-82.4331,20.0,77,20,3.6,CA,1726964953
290,miasskoye,55.2784,61.8905,11.49,78,100,5.22,RU,1726965251
291,lamar,33.6668,-95.5836,31.05,60,0,4.12,US,1726964991
292,belmonte,-15.8631,-38.8828,22.3,87,15,2.87,BR,1726965253
293,coari,-4.085,-63.1414,29.88,39,73,0.68,BR,1726965255
294,saskatoon,52.1168,-106.6345,14.99,44,40,4.12,CA,1726965082
295,bage,-31.3314,-54.1069,17.88,94,0,4.12,BR,1726965258
296,eyl,7.9803,49.8164,26.49,73,3,6.28,SO,1726965259
297,yulinshi,38.2906,109.7494,12.97,50,5,2.76,CN,1726965261
298,minas de marcona,-15.2119,-75.1103,13.5,74,99,3.77,PE,1726965262
299,sitka,57.0531,-135.33,12.94,88,100,6.69,US,1726965264
300,farcasele,44.15,24.4333,15.7,58,7,1.5,RO,1726965265
301,tekman,39.6436,41.5078,8.9,87,94,1.58,TR,1726965266
302,lobujya,27.95,86.8167,0.59,90,96,0.48,NP,1726965267
303,enewetak,11.3474,162.3373,28.62,67,100,0.56,MH,1726965269
304,vinh,18.6667,105.6667,25.67,91,100,2.13,VN,1726965270
305,chiquimulilla,14.0858,-90.3767,22.88,95,97,0.36,GT,1726965271
306,loushanguan,28.1375,106.82,20.89,79,100,1.61,CN,1726965272
307,swakopmund,-22.6833,14.5333,12.21,86,0,1.34,NA,1726965015
308,isangel,-19.55,169.2667,29.06,65,20,3.09,VU,1726965275
309,arafat,39.0344,44.6198,10.99,82,72,1.64,IR,1726965276
310,vilyuysk,63.7553,121.6247,2.81,81,100,1.27,RU,1726965194
311,vorkuta,67.5,64.0,3.6,91,100,3.9,RU,1726965279
312,chibougamau,49.9168,-74.3659,17.79,68,0,2.06,CA,1726965140
313,fada,7.25,4.0667,22.57,100,96,0.49,NG,1726965281
314,tumaco,1.7986,-78.8156,24.7,83,66,2.55,CO,1726965282
315,bonthe,7.5264,-12.505,24.7,92,100,4.55,SL,1726965283
316,phibun mangsahan,15.2447,105.2291,25.11,92,100,4.17,TH,1726965285
317,neya,58.2972,43.8681,5.72,70,14,4.73,RU,1726965286
318,laurel,39.0993,-76.8483,23.94,83,75,2.57,US,1726965041
319,palma sola,-23.9634,-64.2987,25.23,48,0,1.64,AR,1726965288
320,hastings,50.8552,0.5729,16.86,49,100,4.08,GB,1726965290
321,kodiak,57.79,-152.4072,10.73,71,0,3.09,US,1726965291
322,easton,40.6884,-75.2207,21.31,73,75,0.0,US,1726965292
323,sisimiut,66.9395,-53.6735,6.81,52,12,2.57,GL,1726965072
324,berdigestyakh,62.0989,126.6992,2.2,99,100,0.81,RU,1726965193
325,saint-philippe,-21.3585,55.7679,21.95,83,36,4.32,RE,1726965298
326,rio grande,-32.035,-52.0986,16.44,99,67,4.86,BR,1726965182
327,arba minch,6.0333,37.55,18.75,89,92,1.18,ET,1726965301
328,thunder bay,48.4001,-89.3168,19.99,68,20,0.51,CA,1726965290
329,tarrafal de sao nicolau,16.5667,-24.3667,25.67,76,100,6.25,CV,1726965303
330,kani keli,-12.9536,45.1033,24.59,75,1,1.96,YT,1726965304
331,beau vallon,-20.4189,57.6953,21.13,88,20,2.57,MU,1726965306
332,kolwezi,-10.7148,25.4667,19.0,72,100,1.03,CD,1726965307
333,alzamay,55.5562,98.6644,10.93,88,100,3.74,RU,1726965308
334,slave lake,55.2834,-114.769,13.99,47,100,4.63,CA,1726965309
335,karis,60.0718,23.6616,8.68,76,88,2.24,FI,1726965311
336,nadym,65.5333,72.5167,4.13,94,60,5.0,RU,1726965261
337,cascais,38.6979,-9.4215,19.73,86,3,1.52,PT,1726965313
338,caleta de carquin,-11.0925,-77.6267,17.75,86,23,3.73,PE,1726965314
339,tobol'sk,58.2,68.2667,9.25,94,100,4.71,RU,1726965316
340,kirensk,57.7853,108.1119,10.6,70,100,2.0,RU,1726965317
341,richards bay,-28.783,32.0377,15.18,80,98,1.75,ZA,1726965318
342,kutum,14.2,24.6667,25.39,57,3,2.5,SD,1726965319
343,morro do chapeu,-11.55,-41.1561,15.67,69,0,3.69,BR,1726965320
344,tacuarembo,-31.7333,-55.9833,17.52,90,19,4.1,UY,1726965191
345,el triunfo,-1.9333,-79.9667,28.02,65,100,4.39,EC,1726965324
346,youkounkoun,12.5333,-13.1333,23.49,98,100,2.28,GN,1726965325
347,paracuru,-3.41,-39.0306,25.55,80,23,6.31,BR,1726965327
348,solleftea,63.1667,17.2667,-0.08,86,100,1.08,SE,1726965328
349,obock,12.25,43.0833,24.56,74,0,1.62,DJ,1726965329
350,kone,-21.0595,164.8658,31.6,39,5,0.95,NC,1726965331
351,silute,55.3489,21.4831,11.13,91,64,2.25,LT,1726965332
352,acapulco de juarez,16.8634,-99.8901,29.9,74,75,4.12,MX,1726965333
353,hadibu,12.65,54.0333,25.02,83,46,4.32,YE,1726965334
354,margate,51.3813,1.3862,18.26,83,100,0.45,GB,1726965097
355,papao,-17.75,-149.55,27.59,79,92,1.15,PF,1726965337
356,duobao,30.67,112.6895,21.42,42,6,7.92,CN,1726965338
357,santa cruz,-17.8,-63.1667,29.7,70,5,4.12,BO,1726965119
358,zouerate,22.7187,-12.4521,31.88,45,80,4.26,MR,1726965340
359,marquette,46.5333,-87.6335,21.2,65,100,1.79,US,1726965342
360,saipan,15.1355,145.701,32.39,70,75,6.17,MP,1726965343
361,benjamin constant,-4.3831,-70.0311,28.07,45,92,1.1,BR,1726965344
362,yanchep,-31.55,115.6833,15.56,57,0,3.77,AU,1726965345
363,fuglafjordur,62.244,-6.814,8.75,91,100,5.09,FO,1726965347
364,paraiso,9.8383,-83.8656,18.56,97,100,1.56,CR,1726965348
365,isla mujeres,21.2311,-86.731,26.03,74,22,3.47,MX,1726965349
366,prineville,44.2999,-120.8345,23.39,23,0,6.17,US,1726965350
367,roosevelt,33.9668,-103.4505,19.6,67,90,9.31,US,1726965352
368,kiunga,-6.1219,141.2906,29.25,70,99,1.42,PG,1726965353
369,labytnangi,66.6572,66.4183,4.47,86,100,5.92,RU,1726965135
370,muskegon heights,43.2011,-86.239,22.01,73,75,0.0,US,1726965355
371,kolonia,50.9333,6.95,14.42,86,0,2.06,DE,1726965357
372,quelimane,-17.8786,36.8883,23.97,94,75,1.54,MZ,1726965358
373,coronel dorrego,-38.7187,-61.2873,13.82,61,42,1.19,AR,1726965360
374,san ignacio,17.1561,-89.0714,25.08,94,75,2.06,BZ,1726965362
375,saynshand,44.8824,110.1163,9.89,51,100,6.24,MN,1726965363
376,joshimath,30.5667,79.5667,18.0,81,67,0.34,IN,1726965364
377,aldama,22.9167,-98.0667,28.77,86,4,1.95,MX,1726965366
378,warman,52.3168,-106.5679,14.95,44,40,4.12,CA,1726965367
379,kalmunai,7.4167,81.8167,26.67,69,99,1.14,LK,1726965368
380,el abiodh sidi cheikh,32.893,0.5484,20.83,78,100,4.05,DZ,1726965370
381,chake chake,-5.2459,39.7666,22.61,79,12,3.13,TZ,1726965371
382,tallahassee,30.4383,-84.2807,26.29,84,15,2.09,US,1726965303
383,chernigovka,44.3389,132.5728,12.33,59,6,3.5,RU,1726965373
384,kinkala,-4.3614,14.7644,22.92,83,100,2.35,CG,1726965375
385,sosnovka,56.255,51.2842,11.4,69,100,4.72,RU,1726965376
386,east london,-33.0153,27.9116,14.3,76,15,2.28,ZA,1726965377
387,chakia,26.4167,85.05,27.15,79,8,2.5,IN,1726965379
388,carpi centro,44.7824,10.8777,16.42,92,99,0.95,IT,1726965380
389,kerikeri,-35.2268,173.9474,20.89,43,4,3.0,NZ,1726965381
390,ellsworth,44.5434,-68.4195,14.18,85,100,0.0,US,1726965295
391,envira,-7.3,-70.2167,27.8,53,19,1.45,BR,1726965384
392,lebanon,36.2081,-86.2911,26.23,80,95,2.16,US,1726965386
393,kavieng,-2.5744,150.7967,29.37,72,100,3.28,PG,1726965387
394,berezovyy,51.6667,135.7,13.68,43,0,1.5,RU,1726965389
395,tofol,5.3248,163.0078,28.78,69,90,3.12,FM,1726965390
396,rechytsa,52.3617,30.3916,11.22,65,14,2.62,BY,1726965391
397,prieska,-29.6641,22.7474,7.83,78,5,4.77,ZA,1726965393
398,ostrow mazowiecka,52.8024,21.8951,12.97,62,58,2.06,PL,1726965394
399,pindamonhangaba,-22.9239,-45.4617,19.44,97,100,2.82,BR,1726965174
400,grootfontein,-19.5667,18.1167,16.76,25,27,1.54,NA,1726965397
401,penzance,50.1186,-5.5371,15.38,94,94,3.21,GB,1726965159
402,dakhla,23.6848,-15.958,21.01,83,100,9.26,EH,1726965399
403,howard springs,-12.497,131.047,30.49,69,25,2.4,AU,1726965400
404,berlin,52.5244,13.4105,15.04,75,0,2.57,DE,1726965086
405,hami,42.8,93.45,22.44,16,100,4.13,CN,1726965403
406,oriximina,-1.7656,-55.8661,29.75,48,7,1.44,BR,1726965404
407,oamaru,-45.0784,170.9801,17.43,49,11,3.33,NZ,1726965407
408,korhogo,9.45,-5.6333,22.17,96,13,1.24,CI,1726965408
409,pedersore,63.65,22.6833,-1.93,65,3,3.44,FI,1726965409
410,souillac,-20.5167,57.5167,21.21,88,20,2.57,MU,1726965412
411,akonolinga,3.7667,12.25,19.6,100,100,0.93,CM,1726965413
412,port shepstone,-30.7414,30.455,15.27,71,96,1.59,ZA,1726965414
413,homer,59.6425,-151.5483,12.09,58,0,2.06,US,1726965415
414,newman,37.3138,-121.0208,31.14,40,0,2.68,US,1726965418
415,sao jose da coroa grande,-8.8978,-35.1478,24.04,78,10,4.43,BR,1726965419
416,timbuktu,16.7735,-3.0074,32.94,45,20,2.27,ML,1726965420
417,colonia,50.9333,6.95,14.42,86,0,2.06,DE,1726965357
418,moroeni,45.2167,25.4333,10.52,75,2,3.33,RO,1726965423
419,box elder,41.5005,-112.8764,21.33,34,8,7.09,US,1726965424
420,san juan,-31.5375,-68.5364,25.24,8,83,3.91,AR,1726965426
421,kamina,-8.7386,24.9906,19.99,85,100,2.74,CD,1726965427
422,salalah,17.0151,54.0924,27.05,78,75,1.03,OM,1726965429
423,apodi,-5.6642,-37.7989,24.84,70,31,4.57,BR,1726965430
424,tarawa,1.419,172.984,31.05,66,20,4.63,KI,1726965431
425,pont rouge,48.8833,-72.0825,13.8,80,100,1.7,CA,1726965432
426,galle,6.0367,80.217,28.29,83,100,0.45,LK,1726965434
427,holualoa,19.6228,-155.9522,27.91,80,20,5.14,US,1726965362
428,puerto ayacucho,5.6639,-67.6236,25.3,84,100,1.43,VE,1726965436
429,baskale,38.0453,44.0172,7.84,80,10,0.79,TR,1726965437
430,tazacorte,28.629,-17.9293,21.54,81,0,2.57,ES,1726965439
431,boa vista,2.8197,-60.6733,31.99,48,20,2.57,BR,1726965440
432,newcastle,-32.9272,151.7765,22.62,38,4,6.69,AU,1726965241
433,coahuayana de hidalgo,18.7,-103.6583,26.83,89,35,0.64,MX,1726965442
434,venado,22.9333,-101.0833,22.79,55,0,5.33,MX,1726965444
435,turochak,52.2576,87.1224,8.31,85,88,1.15,RU,1726965445
436,fort bragg,35.139,-79.006,25.91,72,0,0.0,US,1726965446
437,pakokku,21.3333,95.1,28.2,83,100,2.06,MM,1726965447
438,dunedin,-45.8742,170.5036,12.76,61,62,2.8,NZ,1726965341
439,tippi,7.2,35.45,16.91,97,80,1.54,ET,1726965450
440,gunjur,13.2019,-16.7339,24.04,100,75,2.57,GM,1726965451
441,mongo,12.1844,18.693,23.69,78,99,1.88,TD,1726965452
442,zunyi,27.6867,106.9072,22.08,76,69,3.55,CN,1726965453
443,nelson bay,-32.7167,152.15,21.73,38,4,2.68,AU,1726965455
444,belo sur tsiribihina,-19.7,44.55,23.91,80,76,1.77,MG,1726965456
445,wajir,1.7471,40.0573,24.76,69,97,8.07,KE,1726965457
446,namibe,-15.1961,12.1522,17.29,89,24,2.53,AO,1726965459
447,ulanhot,46.0833,122.0833,14.24,42,0,3.4,CN,1726965460
448,warmbaths,-24.8833,28.2833,11.28,69,100,5.36,ZA,1726965461
449,island harbour,50.724,-1.2758,17.77,54,100,1.34,GB,1726965462
450,goribidnur,13.6111,77.5167,22.31,78,100,4.33,IN,1726965464
451,ladario,-19.0047,-57.6017,31.76,31,99,0.73,BR,1726965465
452,sosnovo-ozerskoye,52.5249,111.5418,8.3,57,100,1.54,RU,1726965466
453,hasaki,35.7333,140.8333,28.7,77,100,13.86,JP,1726965467
454,otsuki,35.6,138.9333,25.75,88,100,3.3,JP,1726965469
455,bamboo flat,11.7,92.7167,27.38,80,99,8.06,IN,1726965470
456,nikolayevsk-on-amure,53.1406,140.73,12.54,43,11,2.22,RU,1726965471
457,garbahaarrey,3.3289,42.2209,24.39,74,100,7.25,SO,1726965472
458,kongsberg,59.6652,9.6465,12.33,92,95,1.22,NO,1726965473
459,blachownia,50.7802,18.9639,12.38,52,4,2.03,PL,1726965475
460,taoudenni,22.6783,-3.9836,34.81,32,70,4.87,ML,1726965476
461,choyr,46.3611,108.3611,8.5,63,52,4.84,MN,1726965477
462,huarmey,-10.0681,-78.1522,18.21,84,63,2.86,PE,1726965478
463,taltal,-25.4,-70.4833,13.51,87,50,0.5,CL,1726965020
464,metlili chaamba,32.2667,3.6333,23.17,64,100,1.66,DZ,1726965481
465,mount pearl,47.5166,-52.7813,9.98,93,100,5.66,CA,1726965249
466,tralee,52.2704,-9.7026,13.59,83,89,1.79,IE,1726965483
467,as saffaniyah,27.9708,48.73,30.76,42,0,3.37,SA,1726965485
468,burlington,39.8835,-74.6413,20.53,79,0,1.54,US,1726965280
469,fontanelas,38.8472,-9.4372,18.98,87,2,1.79,PT,1726965487
470,tarija,-21.5355,-64.7296,23.95,46,4,3.6,BO,1726965431
471,zaozersk,69.4005,32.4476,4.04,71,89,9.52,RU,1726965490
472,yantzaza,-3.8278,-78.7594,19.86,97,86,0.7,EC,1726965491
473,nyazepetrovsk,56.0531,59.6028,9.2,95,98,4.25,RU,1726965492
474,pusad,19.9,77.5833,23.83,93,64,3.05,IN,1726965493
475,ripon,54.1352,-1.5212,13.36,94,75,4.63,GB,1726965203
476,fort st. john,56.2499,-120.8529,14.94,58,75,10.29,CA,1726965496
477,mil'kovo,55.6078,37.7956,13.52,66,2,4.97,RU,1726965497
478,cambui,-22.6122,-46.0575,19.19,79,99,0.71,BR,1726965498
479,palang,23.2167,90.35,28.15,82,90,1.26,BD,1726965499
480,kismayo,-0.3582,42.5454,25.11,81,7,4.82,SO,1726965500
481,olyokminsk,60.3736,120.4264,7.75,95,100,1.6,RU,1726965315
482,huddinge,59.237,17.9819,9.85,89,100,1.03,SE,1726965503
483,yorosso,12.3536,-4.7761,23.85,85,24,2.04,ML,1726965504
484,bartica,6.4,-58.6167,23.99,98,100,1.53,GY,1726965506
485,dokkum,53.3222,5.997,14.43,90,0,2.31,NL,1726965507
486,jand,33.4299,72.0193,28.25,51,0,2.53,PK,1726965508
487,gaigeturi,33.4644,126.3183,23.03,94,75,3.09,KR,1726965509
488,walvis bay,-22.9575,14.5053,11.53,93,0,0.51,NA,1726965510
489,escanaba,45.7453,-87.0646,18.47,84,97,3.15,US,1726965512
490,fortuna,40.5982,-124.1573,18.29,72,0,5.66,US,1726965513
491,paradip garh,20.3167,86.6167,28.18,80,100,2.53,IN,1726965514
492,tucurui,-3.7661,-49.6725,28.91,51,94,1.62,BR,1726965515
493,candolim,15.5181,73.7626,25.78,87,98,1.33,IN,1726965517
494,sandnessjoen,66.0217,12.6316,9.7,65,100,4.24,NO,1726965518
495,guatire,10.4762,-66.5427,24.58,85,92,1.34,VE,1726965519
496,dhidhdhoo,6.8833,73.1,28.11,72,71,7.23,MV,1726965520
497,le vauclin,14.5452,-60.8388,27.03,89,40,1.54,MQ,1726965521
498,betio village,1.358,172.9211,31.02,68,6,6.24,KI,1726965523
499,vazante,-17.9869,-46.9078,25.78,35,88,0.45,BR,1726965524
500,jabat,7.75,168.9751,28.65,66,99,3.67,MH,1726965525
501,tyukhtet,56.5389,89.3011,9.98,95,94,3.63,RU,1726965526
502,am timan,11.0297,20.2827,21.97,93,23,1.55,TD,1726965528
503,bousso,10.4795,16.7117,23.75,85,22,2.06,TD,1726965529
504,santa ana,33.7456,-117.8678,25.02,64,20,4.12,US,1726964986
505,tongliao,43.6125,122.2653,13.77,41,0,1.76,CN,1726965531
506,gryazi,52.4966,39.9359,13.3,70,20,3.07,RU,1726965532
507,livingston,55.9029,-3.5226,11.44,95,100,4.63,GB,1726965534
508,la ronge,55.1001,-105.2842,13.14,50,20,3.6,CA,1726965535
509,leh,34.1667,77.5833,9.91,36,0,3.28,IN,1726965536
510,suva,-18.1416,178.4415,25.71,73,75,2.57,FJ,1726965537
511,ankazoabo,-22.2833,44.5167,20.81,71,0,2.38,MG,1726965538
512,aripuana,-9.1667,-60.6333,31.8,25,100,0.86,BR,1726965540
513,tailai,46.3833,123.4,14.72,35,0,2.07,CN,1726965541
514,kolokani,13.5728,-8.0339,24.02,93,100,2.55,ML,1726965542
515,victoria point,-27.5833,153.3,25.7,65,0,1.34,AU,1726965543
516,palmer,42.1584,-72.3287,15.08,97,94,2.64,US,1726965544
517,prince george,53.9166,-122.753,10.69,93,100,6.17,CA,1726965546
518,caudete,38.7068,-0.9872,17.7,90,19,0.42,ES,1726965547
519,khilok,51.3674,110.4676,9.07,54,100,1.84,RU,1726965548
520,zuunmod,47.7069,106.9528,2.57,56,100,2.83,MN,1726965550
521,jinghong,21.991,100.7341,23.8,89,100,1.03,CN,1726965551
522,ust-tsilma,65.441,52.1498,4.53,96,100,6.53,RU,1726965552
523,sao gabriel da cachoeira,-0.1303,-67.0892,26.99,68,73,1.24,BR,1726965553
524,polyarnyy,69.1989,33.4478,4.93,68,92,10.8,RU,1726965555
525,kapa'a,22.0752,-159.319,28.18,70,40,7.2,US,1726965556
526,muynoq,43.7683,59.0214,20.28,43,100,2.73,UZ,1726965557
527,mezhdurechenskiy,59.6,65.9333,7.99,83,100,3.19,RU,1726965559
528,avsallar,36.616,31.7806,21.35,67,15,2.33,TR,1726965560
529,christchurch,-43.5333,172.6333,18.11,42,20,7.72,NZ,1726965122
530,barcelos,41.5388,-8.6151,14.27,96,6,0.86,PT,1726965393
531,puerto armuelles,8.2833,-82.8667,25.05,88,100,3.13,PA,1726965565
532,kyzyl-suu,42.3414,78.0056,15.89,49,100,1.78,KG,1726965567
533,cuamba,-14.8031,36.5372,22.01,54,0,1.38,MZ,1726965568
534,guabiraba,-8.4167,-35.6667,17.21,97,23,1.84,BR,1726965569
535,san pedro pochutla,15.7333,-96.4667,24.84,88,100,1.54,MX,1726965570
536,midvagur,62.0511,-7.1939,9.46,93,100,4.12,FO,1726965572
537,jingdezhen,29.2947,117.2079,22.56,61,13,4.86,CN,1726965573
538,yanbu,24.0891,38.0637,30.02,37,0,1.03,SA,1726965574
539,kimbe,-5.5502,150.1429,33.28,49,89,1.55,PG,1726965575
540,cagli,43.5457,12.6527,15.19,82,0,0.0,IT,1726965576
541,sinop,41.7711,34.8709,12.29,85,23,2.86,TR,1726965578
542,shimoda,34.6667,138.95,26.9,92,92,9.42,JP,1726965579
543,tual,-5.6667,132.75,27.32,83,40,5.68,ID,1726965580
544,baiti,13.745,-14.7482,24.23,94,100,3.45,SN,1726965581
545,ola,59.5833,151.2833,6.29,88,100,2.77,RU,1726965583
546,mount isa,-20.7333,139.5,26.87,17,0,6.69,AU,1726965586
547,tindouf,27.6711,-8.1474,23.25,100,75,3.09,DZ,1726965587
548,penhalonga,-18.8911,32.6978,12.48,93,100,1.2,ZW,1726965588
549,gonzalez,30.5816,-87.2914,27.66,81,0,2.57,US,1726965589
550,pandan,14.0453,124.1694,28.15,78,100,2.36,PH,1726965592
